applicantId,firstname,lastname,address,phone,city,state,zip,gender,age,race,martial_status,employment_status,date_of_birth,ssn,occupation
004NZMX60E,Marie,Fletcher,0628 Amber Flats Myersland SD 65364,(859)740-8888,Tempe,AZ,95975,Male,36,No co-applicant,Married,Yes,1960-11-03,926-948-8279,NYPD
00EPILBYNA,Efrain,Palumbo,57568 Roach Groves Suite 439 Ramseymouth MD 96498-2220,(518)185-4180,Neavitt,MD,21652,Male,39,Black or African American,Single,Yes,1977-11-04,829-005-5167,Business
00FBA663WO,Roderick,Furr,164 Carrie Oval Apt 238 South Nathan NJ 41962-3970,(931)919-3388,Tempe,AZ,72458,Female,30,Native Hawaiian or Other Pacific Islander,Married,Yes,1987-03-15,818-183-3495,IT
00YKAG6892,Valentine,Reyna,Unit 3687 Box 0648DPO AA 47109-9618,(503)437-6989,Lewiston,NY,14092,Female,23,Native Hawaiian or Other Pacific Islander,Single,Yes,1993-06-15,669-422-4220,IT
01764BCQGV,Berry,Adcock,83988 Susan Port Apt 245 Hernandezberg NV 51496,(662)170-8507,Tempe,AZ,89512,Female,35,American Indian or Alaska Native,Divorced,Yes,1982-01-14,102-776-6717,NYPD
017STAOLDV,Jeniffer,Stamper,4882 Watkins Street Nixonland MH 09020-6772,(702)647-3987,Tempe,AZ,44850,Female,34,White,Married,Yes,1983-03-07,251-554-4052,IT
017WEFEN7S,Kendrick,Ortiz,161 Hall LandJacobtown AS 71500-1629,(574)741-6777,Tempe,AZ,43660,Male,48,No co-applicant,Married,Yes,1968-07-18,754-993-3757,Accout
01FSKXYCRD,Annabelle,Grimm,8011 Kim Trail Masonchester NE 52188-1779,(720)609-4588,Tempe,AZ,32521,Male,32,White,Single,Yes,1984-08-24,174-335-5987,Business
024LVUJ6HV,Maya,Eckert,631 Melissa Pike New Johnburgh WI 16145-7612,(609)939-9103,Almond,NY,14804,Male,44,Not applicable,Single,Yes,1973-01-14,645-724-4766,Accout
02F6HWJWDA,Nigel,Champion,9764 Julie Route Apt 536 Wiseburgh TN 97084,(719)762-7836,Tempe,AZ,43265,Male,39,American Indian or Alaska Native,Single,Yes,1978-03-24,706-213-3469,Business
03FK8JYSKI,Jc,Nobles,Unit 5873 Box 5568 DPO AP 31016-2167,(708)114-6262,Tempe,AZ,43026,Female,60,Asian,Single,Yes,1956-12-03,684-801-1578,Manager
041UX5TP01,Jarvis,Desantis,195 Joshua Mission Suite 612 Jessicaland WI 08471-8123,(862)348-4876,Longmont,CO,80503,Female,52,Not applicable,Single,Yes,1964-12-27,527-054-4672,IT
046WX0W41X,Mauro,Hoy,2270 Emily Ports Apt 106 West Willie PA 56374-9009,(816)294-8884,La Junta,CO,81050,Male,46,White,Divorced,Yes,1970-07-21,379-929-9908,Business
04DRU2BDQV,Freddie,Doll,3784 Mark Estates Lambfort WI 88298,(208)462-2338,Springfield,VA,22151,Male,21,Asian,Single,Yes,1995-06-09,556-857-7974,IT
04GCZWD6UU,Ned,Saxton,589 Kelly Heights Apt 332 Port Craigfurt ND 26348,(207)365-2991,Lexington,OR,97839,Male,22,White,Single,Yes,1994-12-05,470-851-1976,Business
04H2V5S68C,Noel,Wendt,936 Foster Locks North William DE 09293-8901,(412)297-7674,Tempe,AZ,50440,Female,44,American Indian or Alaska Native,Married,Yes,1972-11-12,769-721-1267,Business
04UEAWU9ZP,Xavier,Garber,51857 Sophia Throughway Apt 423 Lake Randyshire FL 33871,(214)682-1135,Muncie,IN,47306,Female,33,No co-applicant,Divorced,Yes,1963-08-08,414-827-7822,NYPD
04URF7MWNW,Roosevelt,Bunker,05512 Curtis Valley Apt 687 Suzanneville IA 87943-6759,(701)334-5462,Los Angeles,CA,90013,Male,25,No co-applicant,Married,Yes,1996-10-16,402-054-5432,NYPD
04WEQWB28Y,Essie,Demers,42575 Christopher Lakes Apt 110 West Patrick PA 30826,(217)715-8642,Coolspring,PA,15730,Male,48,American Indian or Alaska Native,Married,Yes,1968-09-21,414-822-2244,Accout
05B3RZ1CD7,Dominic,Schreiber,PSC 9592 Box 6251APO AE 75897,(318)390-3362,Boise,ID,10709,Male,33,No co-applicant,Divorced,Yes,1983-08-10,334-941-1707,NYPD
05II0K909R,Nikita,Grey,094 Ortiz ManorsKimchester PA 30472,(724)148-8325,Tempe,AZ,2027,Male,43,No co-applicant,Divorced,Yes,1974-01-17,987-033-3332,Manager
05MXURUNHV,Jaime,Dabbs,698 Mariah Isle Brookebury FM 76764-6840,(740)793-8876,Columbia,SC,29212,Male,42,Native Hawaiian or Other Pacific Islander,Divorced,Yes,1974-07-16,759-436-6013,Business
05QM3K8BUK,Jeffry,Corral,9522 Matthew Throughway Reyeshaven UT 87519-2478,(603)181-6467,Boise,ID,77519,Male,19,American Indian or Alaska Native,Single,Yes,1997-11-25,684-989-9624,IT
063IXIH6ZX,Dena,Fuqua,86285 Franklin Ridges Apt 492 Deannafurt NH 15008,(304)158-9787,Oklahoma City,OK,73185,Male,39,American Indian or Alaska Native,Single,Yes,1977-04-29,682-559-9129,IT
06LEM97BJB,Christopher,Horsley,USCGC BarryFPO AP 27067-5068,(979)942-4859,Boise,ID,20227,Male,28,Not applicable,Married,Yes,1988-10-16,725-649-9329,NYPD
06O9BXW47C,Fletcher,Perales,1476 Ryan Point Suite 457 Emmachester RI 86313-5049,(406)838-2413,Cedar City,UT,35045,Female,36,Native Hawaiian or Other Pacific Islander,Married,Yes,1980-05-26,267-821-1291,NYPD
06SC4N8EK6,Lamont,Winstead,0999 Janet Causeway Apt 994 Monroestad IN 30230,(828)846-7833,Cedar City,UT,88260,Female,38,Native Hawaiian or Other Pacific Islander,Divorced,Yes,1978-09-25,907-858-8487,NYPD
072ZIDGH6K,Donte,Montoya,763 Brittany Course Suite 893 Gardnerhaven UT 18747,(323)367-7662,Washington,VT,5675,Female,23,Native Hawaiian or Other Pacific Islander,Single,Yes,1993-05-30,824-191-1283,Business
07523KNNX2,Martina,Weinberg,02167 Murray TunnelAmberside ME 06855,(843)504-1307,Tempe,AZ,55424,Male,20,Black or African American,Single,Yes,1998-05-06,691-655-5186,Accout
07CJ5B805V,Allen,Angulo,USNV JamesFPO AP 08676,(404)617-9348,Tempe,AZ,98386,Male,68,American Indian or Alaska Native,Single,Yes,1948-11-08,757-447-7823,Accout
07I6UJ09J6,Demetrius,Roger,9599 Stewart Meadow Apt 794 Kylemouth AK 87735-0130,(712)703-7860,Boise,ID,21098,Male,27,Asian,Divorced,Yes,1989-11-12,615-725-5705,Business
07KO5W2U4N,Patsy,Reedy,27164 Laura Walks Suite 105 West Crystalbury OK 97801,(404)499-8789,Boise,ID,19398,Female,44,White,Single,Yes,1992-05-06,297-022-2556,Manager
08AYUHM284,Daron,Frederick,5403 Horton Lights Apt 053 Hallfurt FM 79992,(910)916-5773,Point Mugu Nawc,CA,93042,Male,39,Native Hawaiian or Other Pacific Islander,Single,Yes,1978-02-17,105-748-8706,IT
08EGSKNB8K,Lakeisha,Mccarter,48031 Phillips Extension Apt 742 New Wesley UT 99162,(641)332-5070,Saginaw,MI,48608,Male,53,Asian,Married,Yes,1963-08-19,887-211-1156,Accout
08GNNP7EIC,Daniel,Musgrove,3042 Wright Squares Gomezmouth MO 81938,(773)140-7821,Broken Arrow,OK,74013,Male,31,Asian,Divorced,Yes,1986-01-30,633-022-2733,NYPD
08KIN6N465,Noel,Bechtel,2593 Robin WalksEast Randyville IL 44579-9845,(276)819-5825,Poca,WV,25159,Female,22,American Indian or Alaska Native,Divorced,Yes,1944-06-19,858-648-8503,NYPD
08P0VLYZMP,Kim,Gurley,319 Sophia Rue Suite 425 Christinafort TN 89299-5458,(216)369-6716,Elkton,VA,22827,Male,26,American Indian or Alaska Native,Married,Yes,1991-04-13,109-074-4017,Accout
092LH2AWES,Emerson,Brinkman,879 Matthew JunctionsBarajasport MO 96692,(585)581-5281,Boise,ID,71221,Female,37,No co-applicant,Married,Yes,1979-10-30,118-451-1594,Business
093N6IQSA3,Robt,Cardenas,42502 Lisa Ramp Suite 940 Williamsburgh MN 08417,(270)606-5708,Tonawanda,NY,14151,Male,22,American Indian or Alaska Native,Single,Yes,1994-10-24,428-372-2219,Business
094VJXPGD0,Joel,Rodman,3409 Debbie DivideLake Johnfurt NM 72658-3427,(712)727-5420,Boise,ID,2833,Female,62,Native Hawaiian or Other Pacific Islander,Married,Yes,1954-06-05,571-536-6128,IT
09E8S4SO9Y,Rickie,Burt,9674 Elizabeth Lights Lawrenceview IL 22576,(815)232-8229,Boise,ID,20763,Male,63,White,Single,Yes,1954-01-27,568-705-5376,Accout
09HR2Q5Y2A,Hershel,Philips,668 Burton Gateway South Carriebury IN 24436,(573)112-2653,Albany,NY,12220,Male,20,No co-applicant,Divorced,Yes,1996-08-16,789-987-7008,Business
09TXJJ3NJN,Winnie,Hylton,49364 Griffin Walk Suite 122 Susanland PA 67939-0282,(918)784-2263,New York,NY,10258,Male,23,American Indian or Alaska Native,Married,Yes,1963-10-08,581-385-8571,NYPD
09VZNXODJ0,Imogene,Eastman,6032 Maria Creek Apt 521 Walshmouth OR 33289-4509,(845)122-3272,Cedar City,UT,43011,Male,45,No co-applicant,Single,Yes,1971-05-11,679-602-2548,IT
0A9A7JTA1S,Catharine,Dunham,7157 Sanders Street Apt 897 East Jeremyhaven TX 47605-9277,(719)244-1149,Boise,ID,2815,Male,26,No co-applicant,Married,Yes,1990-11-03,850-794-4662,Accout
0A9OQHI4Q7,Lana,Mcmurray,PSC 2243 Box 8030 APO AP 24539-9211,(641)623-8458,Champaign,IL,61821,Male,26,Black or African American,Single,Yes,1950-12-20,995-631-1995,NYPD
0AGQ8BM596,Shameka,Sweet,426 James Bypass Apt 202 Lake Davidport SC 51372-2410,(518)134-6667,West Point,UT,22106,Male,60,American Indian or Alaska Native,Married,Yes,1956-10-21,476-625-5602,IT
0AN7VXQUSA,Antoine,Madrigal,0742 Linda Cove Suite 216 East Brittany AZ 19194-0297,(715)880-2571,Cedar City,UT,22965,Female,38,Not applicable,Single,Yes,1968-05-15,201-404-4099,NYPD
0AQFWDBLDX,Ira,Flora,079 Cohen Summit Foxmouth FM 11951-9756,(484)490-6235,Boise,ID,15682,Male,39,Asian,Married,Yes,1987-12-01,680-015-5576,Manager
0AT5ZQ66WJ,Christie,Baumann,5099 Michael Mountain Apt 875 Maldonadostad AL 36201-9632,(913)880-1481,West Point,UT,97062,Male,65,Not applicable,Divorced,Yes,1951-07-30,486-907-7490,IT
0AV3U5H489,Lucas,Ali,93762 Wendy Field Apt 471 Harrisberg GU 71806-0882,(615)301-2238,Caraway,AR,72419,Male,39,White,Married,Yes,1977-07-16,447-240-0809,IT
0B4K5PCIU7,Ivette,Garvin,3858 Rios Prairie Apt 028 Danielsmouth OR 80631,(835)657-4926,Boise,ID,38070,Male,32,Asian,Single,Yes,1985-03-29,841-409-0930,Business
0BDHWFH19F,Virginia,Willoughby,8894 Kelly Orchard Suite 585 Velezbury IL 12127,(828)115-6320,Houghton Lake,MI,48629,Male,34,Not applicable,Single,Yes,1982-06-09,668-558-5836,Business
0BMG6O1NLA,Trevor,Valles,61851 Brian Land Suite 195 Carterport HI 79936,(541)873-6123,Lucinda,PA,16235,Female,23,Not applicable,Divorced,Yes,1994-03-22,477-631-1802,Accout
0BTGB33C3H,Angelica,Sanborn,216 Tammy Loaf Apt 138 New John TX 96465,(701)305-3530,Cedar City,UT,48506,Female,35,No co-applicant,Divorced,Yes,1981-05-15,880-131-1071,Business
0C67QAB9N4,Felipe,Najera,8042 Hernandez Trafficway Deborahville NV 09693,(417)602-5943,Muscotah,KS,66058,Male,41,Native Hawaiian or Other Pacific Islander,Married,Yes,1975-08-24,747-193-3628,IT
0CBSA6IHKT,Garret,Cranford,2741 Anderson VilleJuantown NJ 65624,(812)587-4416,Riverside,CA,92509,Male,40,Asian,Divorced,Yes,1976-04-20,397-443-3836,NYPD
0CMUBXDCSV,Tim,Nix,5075 Luke Ford Ericmouth OH 72492,(206)640-6897,Nankin,OH,44848,Male,36,Not applicable,Divorced,Yes,1985-10-22,816-620-0996,Manager
0CRHL3M30T,Eddie,Mcclendon,583 Santos Knolls Suite 850 Douglasmouth CA 87621-8981,(757)717-3853,Brigham City,UT,31565,Male,19,No co-applicant,Single,Yes,1997-10-04,809-392-2313,IT
0CX2XBSEI3,Sharlene,Manson,27663 Jeremiah Crescent Jensenfort IL 13974-7805,(561)465-1882,Gainesville,GA,30504,Male,37,Asian,Single,Yes,1979-09-16,148-267-7316,Manager
0DRBBDGQJK,Weldon,Peace,25087 Heather Road Apt 940 Larsenville ID 31072-2072,(712)119-9012,Cedar City,UT,24637,Female,36,Native Hawaiian or Other Pacific Islander,Divorced,Yes,1988-11-19,306-705-5395,Manager
0DZMNTNQXS,Aurelio,Smoot,428 Evans Cliffs Apt 702 Morrishaven DE 70643,(605)271-6278,Granby,CO,80446,Male,38,Native Hawaiian or Other Pacific Islander,Married,Yes,1999-03-09,177-677-7721,Manager
0EN15JUNFH,Sondra,Barnhill,260 Carr PathPrattburgh NM 29657-1433,(940)672-5332,Cedar City,UT,17970,Female,27,Asian,Married,Yes,1989-12-14,497-993-3546,NYPD
0EQZAQC3X4,Rosanna,Coulter,3135 Crawford Springs Apt 405 Sethville SD 63416-2705,(318)545-6359,West Point,UT,22948,Female,38,American Indian or Alaska Native,Divorced,Yes,1978-11-04,306-880-0301,Business
0EUL1IH8EQ,Selma,Shell,62444 Gonzalez Knoll Apt 071 Jesseville MN 75990-0879,(818)805-8653,Ridley Park,PA,19078,Male,26,Asian,Married,Yes,1990-09-28,809-309-9477,Accout
0F49D53KPL,Alec,Lister,63184 Molly Hill Lake Latasha VA 30481-4658,(816)562-9893,West Point,UT,10249,Male,37,Not applicable,Married,Yes,1959-09-20,183-843-3902,NYPD
0F9J6DK5R1,Dalton,Mattingly,38388 Cortez Junctions Apt 074 West Jeremy NM 31103-8173,(765)248-5716,West Point,UT,56583,Male,33,Black or African American,Married,Yes,1974-03-10,834-265-5280,NYPD
0FDS8R7CKD,Dovie,Fowlkes,519 Garcia Via Sanchezhaven MO 84646,(775)648-7818,Charlotte,NC,28208,Male,32,Asian,Single,Yes,1985-02-21,238-368-8791,Accout
0G7O72RRJA,Caryn,Neil,1300 Stacy Ports New Shawn CT 53172-6897,(804)254-2638,Plano,TX,75074,Male,29,Native Hawaiian or Other Pacific Islander,Divorced,Yes,1967-10-18,175-895-5624,NYPD
0G87FHMRRE,Peter,Braden,63061 Jennifer Walks Apt 159 Mistyville HI 24464-0380,(606)549-2675,Cedar City,UT,49814,Female,51,Not applicable,Divorced,Yes,1965-11-08,718-009-9976,Accout
0G96GTD9LM,Micaela,Lavoie,66275 Schneider CanyonNew Angelashire MA 39681,(424)372-1948,Cedar City,UT,59217,Male,28,White,Married,Yes,1989-01-24,810-180-0776,Accout
0G9NZK1KEH,Felecia,Lucas,3968 Harper Tunnel Kimtown ID 50425,(504)480-9083,De Mossville,KY,41033,Male,19,Black or African American,Single,Yes,1998-07-19,962-042-2195,NYPD
0GC1VD1Z7H,Luigi,Cardona,9827 Brittany Villages Valerieland IN 00057-4679,(928)642-7657,West Point,UT,71277,Female,32,Asian,Single,Yes,1984-07-28,698-009-9825,Business
0GFO5WQJZP,Demetria,Logsdon,786 Dawn MissionPort Paulstad SD 04617-7963,(910)789-7699,Brigham City,UT,80224,Female,20,American Indian or Alaska Native,Married,Yes,1996-04-20,695-516-6321,Business
0GFYCGVZS1,Cathryn,Milligan,3148 Morgan Corners Apt 926 Robertfort WI 85463-2001,(858)221-4307,Rincon,GA,31326,Male,21,Asian,Single,Yes,1965-07-13,444-557-5772,NYPD
0GOFM7P5XZ,Scot,Marchand,265 Lee Rest Apt 299Port Joshua ID 29891-8222,(757)246-6352,West Point,UT,87831,Female,25,Asian,Married,Yes,1991-05-15,428-731-1112,NYPD
0GTQ7M3NJA,Faye,Mchugh,2947 Sarah Loop Suite 019 Timothyhaven VA 19827-8227,(713)592-8078,Ogden,UT,84412,Male,27,Black or African American,Married,Yes,1989-08-02,452-190-0899,Business
0GU7T5FF23,Alva,Holden,4088 Garcia Terrace Port Kevin PW 43175-7677,(303)843-9947,West Point,UT,87015,Male,44,Black or African American,Married,Yes,1972-12-03,263-466-6875,Accout
0GX65XIOFJ,Pattie,Fulmer,32001 Samantha PlainStevensmouth NV 49978,(773)281-9807,Cedar City,UT,53953,Female,56,White,Single,Yes,1960-07-10,610-253-3975,Manager
0GZ4I8X8X3,Sandra,Hylton,6301 Katherine Trace Suite 984 Mcintoshfort ID 73336,(413)161-6751,Mesa,AZ,85210,Male,44,White,Divorced,Yes,1973-04-08,641-527-7382,Manager
0H4EG1L5NU,Johnathan,Fusco,5179 Elizabeth Street Suite 888 Stephaniefort IL 11877,(445)493-9553,West Point,UT,4474,Male,26,White,Single,Yes,1991-01-15,981-051-1023,NYPD
0H8I3ROWLC,Ron,Treat,PSC 7495 Box 0764 APO AE 98227,(901)723-3126,Goldfield,IA,50542,Male,60,American Indian or Alaska Native,Divorced,Yes,1956-11-29,298-621-1802,IT
0HBUMFTJZA,Randell,Ohara,230 Vasquez Ramp East Tara MD 33587-1690,(607)757-8399,Shorterville,AL,36373,Male,38,No co-applicant,Divorced,Yes,1978-07-27,148-948-8832,IT
0HD4KKEP71,Margie,Phipps,29882 Samuel HillsHollandborough OH 72806-2483,(406)303-9077,Brigham City,UT,14883,Female,30,Native Hawaiian or Other Pacific Islander,Married,Yes,1966-11-09,659-094-4374,NYPD
0HKNCG1P09,Karen,Low,126 Cathy StationNorth Phillip OK 79890,(484)788-7989,Cedar City,UT,95585,Female,39,Black or African American,Single,Yes,1977-05-27,879-433-3373,Manager
0HQM3W1DSY,Adam,Loper,Unit 7252 Box 9494DPO AP 62997-1773,(508)732-7824,West Point,UT,1705,Male,58,American Indian or Alaska Native,Married,Yes,1958-11-08,171-914-1442,Accout
0HZ1Q1SQUB,Clinton,Steed,Unit 3601 Box 3422DPO AP 25076-7481,(260)750-5297,Cassville,PA,16623,Male,70,Asian,Divorced,Yes,1946-06-03,959-037-7446,Accout
0ID6E4PM1D,Robbie,Blount,5304 Cynthia VillageWest Michaelstad ND 56029,(979)929-1435,Brigham City,UT,96127,Female,39,American Indian or Alaska Native,Married,Yes,1997-07-31,614-851-1175,NYPD
0IGIH059BY,Sterling,Pratt,USNS Jordan FPO AE 54219,(227)574-1160,Durant,OK,74702,Male,36,White,Divorced,Yes,1970-07-19,843-050-0684,NYPD
0IVQ79M7L4,Holly,Kimbrough,0870 Morris Mission Caldwellberg OK 67903-0850,(701)771-5956,Notasulga,AL,36866,Male,26,Native Hawaiian or Other Pacific Islander,Divorced,Yes,1990-06-03,550-892-2162,Accout
0J2CUL3VRR,Bret,Spurlock,930 Rice Cliff East Catherineville ME 98708-5517,(480)980-2289,Mercersburg,PA,17236,Male,34,Black or African American,Single,Yes,1982-05-01,335-841-1050,NYPD
0J7V1YTL3Z,Cathy,Bull,8370 Coleman Circles Port Mirandaton OK 04964-8026,(774)245-6449,Manley,NE,68403,Male,40,No co-applicant,Married,Yes,1976-10-15,418-205-5558,NYPD
0JI55HCZ2N,Eddie,Pitre,27963 Marcus Walks Cynthiaburgh WI 23417,(304)697-1161,Park City,UT,48887,Female,35,No co-applicant,Married,Yes,1981-11-25,717-694-4022,Business
0K2ST3CRWU,Della,Aragon,01990 Walton CampBrownfurt IA 50308,(704)206-7040,Park City,UT,29306,Male,54,White,Single,Yes,1962-05-02,737-661-6618,Accout
0K4EKP528G,Aurelio,Rounds,93087 Stafford Ferry Apt 040 Micheleland NE 99817,(304)485-5972,West Point,UT,20686,Male,40,White,Married,Yes,1976-10-14,220-482-2569,Manager
0K7SF2TKMN,Galen,Swafford,22002 Rhonda Overpass Port Samanthamouth WV 13192,(504)392-2061,Roderfield,WV,24881,Male,25,Asian,Married,Yes,1991-11-01,168-853-3835,IT
0KQX403HUQ,Jayne,Lozano,PSC 0927 Box 6574 APO AE 79593,(339)696-7715,Park City,UT,15450,Female,44,Black or African American,Divorced,Yes,1973-02-23,108-873-3227,Business
0L0RFFCKIE,Karen,Staples,197 Linda IsleSandersfurt WA 04547,(878)512-5833,Park City,UT,38609,Female,62,Not applicable,Single,Yes,1954-10-26,731-766-6701,Accout
0M0CO8RQ2L,Elijah,Allan,872 Julie Pines Apt 449 West Scottmouth NC 42465-1286,(303)586-5281,Brigham City,UT,40949,Male,56,White,Divorced,Yes,1960-09-08,243-557-7678,Accout
0M2KI1LFAV,Lance,David,8013 Jacob Alley Apt 764 Lake Amandabury ND 60127,(469)457-9454,Brigham City,UT,89406,Female,23,White,Single,Yes,1993-09-19,511-641-1272,IT
0M7GC1AF85,Betsy,Parson,66963 Payne Rest Apt 680 South Genefurt OH 72604,(605)952-4853,Santa Clara,UT,63849,Male,37,Asian,Divorced,Yes,1979-11-25,596-017-7910,IT
0M876XYV91,Judith,Keane,19458 Samantha Path Suite 055 South Chelseaborough MT 44731-4420,(423)732-8590,Craigsville,VA,24430,Male,27,Black or African American,Divorced,Yes,1959-05-07,304-518-8404,NYPD
0MBTX1P3A0,Allan,Chamberlin,992 Gutierrez StravenuePort Saraton IN 37802,(516)322-5241,Las Vegas,NV,52737,Female,26,Asian,Divorced,Yes,1990-11-08,928-211-1231,Accout
0NCA5KWYAA,Dewayne,Hanlon,0397 Sanchez PortWest George NY 39733,(408)502-6211,Santa Clara,UT,45653,Male,22,American Indian or Alaska Native,Single,Yes,1995-01-09,163-308-8575,Business
0NDRNVL31L,Helena,Wingfield,04396 Marc ParkwaysPort Donald WV 57340-2622,(413)586-9669,Brigham City,UT,32773,Female,32,Not applicable,Divorced,Yes,1964-07-29,990-354-4512,NYPD
0NN60WE554,Alexis,Wynn,859 Marc Plaza Suite 787 South Andrew AS 83431-2331,(646)460-9956,Trenton,FL,32693,Male,31,American Indian or Alaska Native,Single,Yes,1965-07-04,672-251-1006,NYPD
0NYECQV2B6,Debrah,Overstreet,8832 Perez TurnpikeAlejandrafurt WI 28381,(561)967-3886,West Point,UT,55328,Female,48,No co-applicant,Single,Yes,1999-02-02,576-705-5701,Manager
0O4RS7BSQD,Chelsey,Mccurdy,028 Beth Ridge New Ruthshire DC 21457-5083,(330)529-5605,Brigham City,UT,22210,Male,19,No co-applicant,Married,Yes,1997-04-20,938-570-0924,NYPD
0OY52B3P0C,Nellie,Dewey,045 Burton Isle North Sandraville FM 89302,(731)260-6472,Brigham City,UT,34740,Male,59,American Indian or Alaska Native,Divorced,Yes,1998-03-25,858-782-8236,Manager
0OYPENMGRS,Dorcas,Mclaughlin,9061 Stephanie Road Apt 557 South Samantha AZ 90152,(802)782-7075,Cimarron,NM,87714,Male,22,White,Married,Yes,1995-01-08,101-043-3629,Business
0PHJ9Q7W6M,Ethel,Dees,512 Brooks Estate Scottville CA 45044-3128,(423)669-3133,Homer,IN,46146,Male,37,Native Hawaiian or Other Pacific Islander,Divorced,Yes,1979-07-21,592-931-1738,Accout
0PMT12MM1Y,Lynwood,Turk,249 Griffin Gateway North Ashley SD 04446-9341,(515)722-8951,Houston,TX,77281,Male,49,American Indian or Alaska Native,Single,Yes,1967-09-10,564-871-1781,Accout
0Q0I6UZNDB,Marion,Albrecht,USNS Warren FPO AP 42103,(318)473-3024,Santa Clara,UT,61283,Male,38,American Indian or Alaska Native,Divorced,Yes,1969-03-06,815-653-3685,NYPD
0QEPZ19IAR,Jeanie,Dumont,947 Foley Cliff Suite 388 Port Amberville WA 23110-8341,(269)230-9750,Eldorado,OK,73537,Male,19,No co-applicant,Single,Yes,1998-05-21,229-612-2457,IT
0QLDF9NLE7,Erick,Dugan,886 Mike Creek Aguilarhaven CO 51123,(803)682-1687,Burlington,NJ,08016,Male,37,Not applicable,Single,Yes,1980-01-24,895-708-8883,IT
0QS392M6C5,Mohamed,Trent,48160 Carter Dam Lake Colinport OH 24159,(479)599-9696,Fairfield,FL,32634,Male,35,Not applicable,Married,Yes,1982-01-09,658-780-0976,Business
0QSRPZOPG7,Ward,Moulton,Unit 3970 Box 7161 DPO AA 93636-8212,(304)267-3067,Hubbell,MI,49934,Male,28,Not applicable,Single,Yes,1978-06-19,977-252-5242,NYPD
0R1CDQEHGE,Doreen,Cunningham,27087 Cardenas MountainsRobertsborough DE 58948-7416,(312)603-1940,Santa Clara,UT,91950,Male,33,Not applicable,Divorced,Yes,1983-12-13,946-335-5647,NYPD
0R56J83EX6,Lucila,Kenney,356 Jones Keys Apt 119 South Lisa GU 98587,(870)955-4957,Boody,IL,62514,Male,32,White,Divorced,Yes,1984-09-01,143-673-3257,NYPD
0RHFMYGHWV,August,Squires,784 Amanda Glens Suite 766Natashashire AR 48371,(225)126-6519,Rogers,TX,76569,Male,22,No co-applicant,Married,Yes,1945-04-09,480-711-1746,NYPD
0RW59JLVR4,Bob,Schindler,93339 Benjamin Street Apt 958 Gatesberg UT 82626,(317)944-5597,El Paso,TX,88576,Male,27,White,Married,Yes,1989-11-01,100-641-0098,Accout
0S0IDK042M,Yesenia,Valdes,838 Walters CourtsWest Sarah VA 00540-6189,(864)586-3378,Las Vegas,NV,52227,Female,38,White,Divorced,Yes,1979-01-18,122-652-2965,Accout
0SPEEALBHU,Lashonda,Ballard,7651 Martinez Junctions South Dana SC 97835,(202)357-8168,Alabaster,AL,35007,Male,26,American Indian or Alaska Native,Divorced,Yes,1971-01-07,844-900-0076,NYPD
0SS18UM40H,Tracie,Blythe,1504 Daniel Inlet Apt 288 Lake Amber GU 74239,(254)629-4215,Wilsons Mills,NC,27593,Male,20,No co-applicant,Married,Yes,1998-09-13,348-708-8215,Business
0SY34JIHLR,Cory,Siegel,30379 Sherry Fork Apt 854 Bryanmouth NC 77584,(757)165-2266,Holtwood,PA,17532,Male,53,Not applicable,Divorced,Yes,1963-09-16,631-218-8170,Manager
0SYACOGRCD,Harris,Mcdougal,44474 William Track Michelleton MH 89205-4188,(484)474-1914,Foley,AL,36535,Female,48,No co-applicant,Single,Yes,1969-02-08,184-582-2262,Business
0T9V228F6Z,Nanette,Fraley,0073 Roger Ports East Erinburgh NY 34058,(562)596-1598,Santa Clara,UT,62207,Female,43,Not applicable,Divorced,Yes,1973-07-07,476-391-1233,Manager
0TDKXEQPZP,Sheree,Doran,20730 Jennifer Circle Apt 368 Lake Cherylhaven MD 73581-4740,(952)718-8343,Wadena,MN,56482,Female,26,No co-applicant,Divorced,Yes,1991-04-14,792-019-9154,IT
0TEMXKPO5V,Trent,Oconnell,Unit 8127 Box 7915DPO AE 79895-7155,(980)560-4682,Hopeland,PA,17533,Male,49,Asian,Single,Yes,1967-10-21,235-789-9949,Manager
0TGK6ISRCW,Randall,Block,PSC 5018 Box 4129APO AE 06814,(803)367-4316,Santa Clara,UT,29403,Female,20,Black or African American,Married,Yes,1998-01-12,360-294-4239,NYPD
0TILZ8BRSL,Thea,Donley,1946 Davis Court Port Eric NY 53301,(667)153-8274,Zuni,NM,87327,Male,38,Not applicable,Single,Yes,1978-07-30,662-031-1236,Business
0TOYTGHGH1,Dora,Crabtree,7138 Davis Locks Michaelmouth AL 75117,(304)843-4704,Santa Clara,UT,72752,Male,29,Not applicable,Married,Yes,1987-10-07,672-765-5455,NYPD
0TT4LBJRRZ,Waylon,Rincon,USS GonzalesFPO AA 43480-4855,(682)787-8360,Santa Clara,UT,73032,Male,32,Not applicable,Married,Yes,1975-01-16,814-716-6272,NYPD
0TUOIRB8T1,Christy,Bolin,19972 Madison Place Suite 973 East Eugene ND 29501-6530,(907)849-2821,Santa Clara,UT,17003,Male,70,Asian,Divorced,Yes,1944-02-02,953-997-9768,Manager
0U0WN7OV1A,Vince,Gray,367 Alan Fort Apt 658 Lake Helenmouth KS 94082,(812)179-6686,Albany,NY,12245,Male,19,Not applicable,Married,Yes,1997-12-26,834-561-1677,IT
0U252OY186,Nikita,Ng,472 Nicole Via New Lisaview NJ 11328-6292,(616)332-5742,Saint Paul,MN,55116,Male,20,Not applicable,Divorced,Yes,1996-05-15,793-550-0828,NYPD
0U3BPH6H2Q,Dorene,Winston,6852 Robin Tunnel Suite 571 West Matthewville AR 59304,(606)212-3647,Lowmansville,KY,41232,Male,47,Asian,Divorced,Yes,1970-02-23,425-154-4764,Manager
0U81QZAEVL,Keshia,Wiseman,3370 Lee Knolls Garrettland IN 97455,(859)306-6373,Santa Clara,UT,46158,Male,38,American Indian or Alaska Native,Single,Yes,1979-02-13,459-140-0015,IT
0UKXYUG36R,Curtis,Maple,51983 Mills Trace Apt 985 Matthewberg CT 33600,(212)744-1174,Calpella,CA,95418,Male,54,Asian,Divorced,Yes,1962-08-02,180-392-2204,Manager
0UP8NLREHN,Bryan,Sylvester,79669 Donald Spur Suite 896 East Mary PR 73750,(607)438-3921,Park City,UT,48039,Male,36,American Indian or Alaska Native,Married,Yes,1992-03-05,891-111-1044,Manager
0USFDP749G,Lauri,Scales,679 Kevin Courts North Michelleborough GA 33331,(985)457-7320,Las Vegas,NV,95947,Female,44,No co-applicant,Married,Yes,1972-11-09,487-312-2265,Business
0V0CHVD163,Mack,Surratt,79186 Lindsey Ferry Jenniferhaven MI 94165,(732)515-5051,Santa Clara,UT,44431,Male,35,Black or African American,Divorced,Yes,1981-05-30,187-834-4034,NYPD
0VCQBUA2MU,Shane,Epperson,742 Karen Ridges Suite 162 Port Leeville GU 15666-5372,(618)684-9149,Elizabeth City,NC,27907,Male,53,White,Single,Yes,1964-03-07,642-273-7305,Accout
0VD9JU4HL3,Ambrose,Reeder,5655 Russell Loop Suite 287 East Marcus NH 41340-7704,(713)534-8323,Darien,GA,31305,Female,30,Native Hawaiian or Other Pacific Islander,Divorced,Yes,1987-04-10,495-799-9985,NYPD
0VGXAYF1B0,Jan,Ellis,429 Joann Spurs Suite 942 Carolynville OH 10991,(980)743-3948,Las Vegas,NV,19541,Male,26,Black or African American,Married,Yes,1990-08-20,655-044-4995,Business
0VL7LQEQKI,Aletha,Irizarry,05460 Morris Corner Suite 324 North Ginastad PR 08032,(406)332-6249,Chase,LA,71324,Male,40,American Indian or Alaska Native,Divorced,Yes,1977-01-17,101-471-2310,NYPD
0VNIYG5S9A,Denise,Driver,78610 Molina Trail Apt 141 Davisland TX 02652-6745,(802)506-4975,Las Vegas,NV,99901,Male,19,Black or African American,Single,Yes,1999-04-01,333-261-6183,Accout
0VQ8ZJUMBV,Chadwick,Saldana,72380 Ashlee Mountain Nicholashaven VI 74549,(757)705-8418,Collins,MS,39428,Male,53,No co-applicant,Married,Yes,1964-02-27,973-059-9347,Business
0W5LX3B8EH,Vickie,Parrott,11891 Gray UnionsWest Steven MI 09216-5275,(601)778-4049,Park City,UT,63115,Female,37,No co-applicant,Married,Yes,1970-02-09,720-125-5957,NYPD
0WIB24PJI2,Shaun,Hendon,USS RothFPO AE 60705,(316)817-1125,Overton,NV,65335,Male,43,Not applicable,Married,Yes,1973-07-01,907-602-2563,Accout
0WMFF9YY4N,Dorene,Humphrey,2499 Jason RapidNorth Kelly DC 14181-9032,(234)363-4270,Overton,NV,2032,Female,49,American Indian or Alaska Native,Married,Yes,1968-04-12,863-405-5813,Manager
0WNHZ1ANDI,Lauren,Ferrara,254 Booth Lodge East Theresa MN 91011-3832,(786)897-1447,Trenton,NJ,08638,Male,31,American Indian or Alaska Native,Divorced,Yes,1945-12-08,487-739-9648,NYPD
0X3XQ3A3XS,Lane,Allred,2887 Jesse Inlet North Michaelland VA 52664-1375,(507)713-5269,Culpeper,VA,22701,Male,21,Black or African American,Divorced,Yes,1995-09-21,591-802-2328,NYPD
0X5WU8CMF1,Maximo,Mcnabb,026 Eaton CanyonRichardfort PR 22404,(601)727-2838,Park City,UT,53923,Female,31,No co-applicant,Single,Yes,1986-01-09,524-020-0880,NYPD
0X764U8V1I,Aurelio,Faulk,151 Martin Forge Apt 441 Lake Michaelfurt PR 56678,(859)366-8778,Duncan,OK,73575,Male,38,American Indian or Alaska Native,Married,Yes,1979-02-22,608-163-3122,NYPD
0X7IR0GX8E,Ida,Corbin,07386 Warren Alley North Donna IL 87107-5967,(425)872-6352,Park City,UT,80227,Male,31,No co-applicant,Single,Yes,1986-01-30,321-315-5815,NYPD
0XC7TGDT3I,Miranda,Nakamura,656 Frost Lodge Suite 842 Floresside AR 96335-3108,(513)151-7148,Overton,NV,49964,Male,37,Black or African American,Married,Yes,1949-09-03,424-338-8545,NYPD
0XGM0X73ZO,Mae,Hawley,98657 Michael Landing Murphyberg MN 16013-7367,(918)420-3480,Blossburg,PA,16912,Female,24,Asian,Married,Yes,1992-06-27,734-834-4486,Accout
0XVTVT6HRF,Edmundo,Flaherty,249 Molly Lakes Apt 461 Gibsonburgh PA 96669-0876,(803)268-6360,Paguate,NM,87040,Male,31,Black or African American,Married,Yes,1985-09-30,565-084-4028,IT
0XVU6UI4G2,Eduardo,Grisham,3613 Kevin Green Suite 112 Jamesville WI 26283,(212)721-2084,Las Vegas,NV,49656,Male,39,Asian,Single,Yes,1977-12-12,317-879-9543,Manager
0Y1CM9ZQ4N,Claire,Mills,113 Craig Place Apt 605 East Cesar ME 82234,(406)434-3008,Overton,NV,23178,Female,39,Not applicable,Single,Yes,1967-05-27,660-819-9026,NYPD
0Y35SFX2NC,Beverley,Bannister,07534 Fisher Heights New Nicole VA 65114,(212)767-7672,Manchester,ME,04351,Male,28,Not applicable,Divorced,Yes,1988-09-01,377-208-8371,IT
0Y72NRVHSH,Rita,Hodges,8767 Kayla InletEast Bruce MH 99410,(283)202-4027,Henderson,NV,58062,Female,28,Black or African American,Divorced,Yes,1988-06-07,599-632-2904,Accout
0YI3QTPD1H,Harold,Dietz,725 Jones Meadow Simmonsstad AK 27468,(229)704-8643,Overton,NV,29432,Male,30,White,Single,Yes,1967-03-18,676-958-8978,NYPD
0YMWVE9O2R,Tracy,Lamm,1711 Jimmy Courts Apt 283 South Donald IL 73180,(610)593-1696,Las Vegas,NV,97531,Male,35,No co-applicant,Single,Yes,1971-06-23,288-531-1164,NYPD
0YR8XLEMM5,Esther,Kendall,9902 Jeff Brooks Suite 735 Edwardbury UT 70375-6832,(714)788-4330,Santa Clara,UT,35670,Female,50,American Indian or Alaska Native,Divorced,Yes,1967-04-25,653-635-5208,IT
0YRMOSUR88,Clint,Dale,87742 Amanda Way North Angelafort WV 50370-1287,(650)857-3256,Milford,NH,3055,Male,32,Native Hawaiian or Other Pacific Islander,Married,Yes,1984-07-13,385-618-1825,NYPD
0YTIUE6GXA,Lonnie,Elrod,1298 Christopher Road Lake Roberthaven IA 28870-7925,(872)724-1999,Park City,UT,27816,Male,64,White,Divorced,Yes,1952-05-01,780-388-8040,IT
0Z1YQDCLOD,Marcos,Jorgenson,411 Torres CrescentSouth Andrewfurt NY 36117,(804)136-1253,Park City,UT,78019,Male,25,Native Hawaiian or Other Pacific Islander,Married,Yes,1991-11-30,296-184-4278,IT
0Z60YR0BUK,Adell,Buchanan,52764 Woods Row Apt 206 North Tony NH 68861-5305,(510)599-8689,Little River,KS,67457,Female,45,No co-applicant,Single,Yes,1972-03-29,404-433-3722,Manager
0ZB610MG03,Stephany,Woodson,90915 Alvarez Summit East Nathanland NC 05064,(914)914-5679,Las Vegas,NV,43985,Female,26,American Indian or Alaska Native,Single,Yes,1970-06-05,811-734-3450,NYPD
0ZCPZKFUQV,Antwan,Layton,7593 Whitaker Circles South Charleschester MP 81759-0594,(636)866-1130,Las Vegas,NV,98418,Male,28,American Indian or Alaska Native,Married,Yes,1969-02-09,975-470-0600,NYPD
0ZJ027JK7C,Morton,Cowles,67327 Wagner WallSouth Desiree GU 56769-8749,(985)421-2536,Park City,UT,54412,Male,32,Native Hawaiian or Other Pacific Islander,Married,Yes,1984-10-20,775-947-4726,IT
0ZN34WNGHJ,Lulu,Tucker,7206 Sarah Glen Apt 531 Hernandeztown AR 30232,(906)990-2484,Las Vegas,NV,35773,Female,31,White,Divorced,Yes,1985-10-30,436-067-7255,NYPD
0ZU0HE9ARJ,Rolf,Mccormack,775 Dennis Flat Apt 652 Buckberg ID 46758-0862,(505)132-6980,Startup,WA,98293,Male,37,No co-applicant,Married,Yes,1979-12-05,154-070-0021,Accout
106FJDKHDW,Gregorio,Hilliard,118 Townsend Route East Kimberly IN 67447,(803)995-2398,Yates Center,KS,66783,Male,51,American Indian or Alaska Native,Single,Yes,1966-01-27,767-345-4596,Manager
125QE386VA,Terrence,Christensen,903 Jeffrey AvenueLake Brian ID 70899,(505)455-7528,Las Vegas,NV,96821,Female,38,Not applicable,Single,Yes,1978-12-25,571-376-6180,Manager
129QS9RID7,Mose,Day,6878 Andrea Harbor Thomaston TX 36093-1227,(559)726-2596,Overton,NV,74020,Male,38,American Indian or Alaska Native,Single,Yes,1979-01-20,509-386-6538,IT
12CXR8U17W,Issac,Ratcliff,35409 Williams Parkway Apt 445 Mathewsstad NH 10807-6836,(802)472-4310,Kingston,MO,64650,Male,53,White,Divorced,Yes,1963-11-10,195-265-5190,Business
12I37MRQHY,Darron,Newby,0714 Karen Prairie Apt 542Rushport UT 46863,(715)489-7245,Las Vegas,NV,8343,Female,22,American Indian or Alaska Native,Single,Yes,1994-09-13,428-952-2368,NYPD 
12MO2NHABQ,Blanca,Herndon,325 Lawson Rapid Apt 733 Mckenziemouth ID 59670,(620)593-5249,Pellston,MI,49769,Male,44,Asian,Single,Yes,1973-02-24,965-756-6468,Manager
14MIG4FH0A,Hassan,Wallace,393 Robinson Radial Grantfurt MI 87962,(801)491-1880,Arch Cape,OR,97102,Male,45,No co-applicant,Single,Yes,1972-01-13,113-011-1058,Business
14NPJAW6CC,Weldon,Wiley,74094 Boone Groves New Brandonton KY 31973-4228,(209)954-8358,Henderson,NV,59453,Male,34,American Indian or Alaska Native,Married,Yes,1972-08-18,222-963-3644,NYPD
15LXIVMME4,Eunice,Newby,163 John DrivesWest Gregory NC 96399-8789,(208)754-6567,Henderson,NV,23220,Female,32,American Indian or Alaska Native,Divorced,Yes,1984-04-23,669-173-3024,NYPD
1628PTBQ8R,Jesse,Aaron,144 Michelle CornersLake Heather PA 47459-6903,(740)759-5189,Las Vegas,NV,95494,Female,33,Asian,Divorced,Yes,1983-09-02,378-580-0088,IT
163PPIF5X4,Devin,Mccombs,37712 Ricky Courts Suite 487 North James CA 79425-3471,(580)406-2570,Jewell,KS,66949,Male,41,American Indian or Alaska Native,Married,Yes,1976-04-14,142-437-7971,IT
16BI6C17EZ,Angie,Bird,22387 Tina SummitSouth Karafort DE 58662-0500,(504)498-7675,Las Vegas,NV,40150,Female,42,No co-applicant,Married,Yes,1974-06-21,749-929-9493,IT
16G0GXOOA2,Michael,Malcolm,80298 Brandi Radial Apt 317 Meganchester FM 25457,(304)487-6191,Henderson,NV,12201,Male,34,Black or African American,Single,Yes,1982-04-25,853-320-0953,Business
16KEC1ST2Q,Hilton,Clancy,69220 Deborah Well Tannerborough NY 59003,(304)132-1305,Kalona,IA,52247,Male,29,Asian,Divorced,Yes,1988-02-22,562-812-2311,NYPD
16KXX7QN2L,Kelli,Farrell,38493 Judy Cove Howardton DC 22317,(505)135-5255,Las Vegas,NV,94804,Male,61,American Indian or Alaska Native,Married,Yes,1955-11-12,683-057-7315,Manager
171H2QZS0E,Modesto,Shuler,377 Bass Fall Suite 881 East Erin DE 25681,(202)926-4408,San Angelo,TX,76902,Male,20,Asian,Married,Yes,1996-12-20,279-918-8884,Accout
17KOPZ9JMG,Rebekah,Coons,943 Rebecca Land Suite 670 West Veronicaland NV 24418,(920)518-4701,Overton,NV,43029,Male,28,White,Single,Yes,1988-06-22,897-259-9025,Business
17LD4K324O,Wes,Roth,98499 Choi Shores Christophertown MP 60263,(303)138-9027,Henderson,NV,99825,Male,58,White,Single,Yes,1998-07-30,392-387-7105,Manager
181WEHP2LU,Jan,Gardner,6025 Candace Road Apt 472 Tylerville AL 24492-6666,(406)789-6338,Henderson,NV,26405,Female,33,White,Married,Yes,1963-10-24,356-643-3704,NYPD
189Z9CY6VK,Hilton,Simpson,167 Allen Underpass Suite 487 Gordonborough PR 55550,(662)927-8851,Henderson,NV,92220,Male,70,Not applicable,Married,Yes,1939-10-25,773-006-6807,IT
18IV0GTTVU,Adelaida,Keefer,299 Davis Shores Suite 305 Simpsonburgh AZ 43502-4402,(315)365-5906,Green Harbor,MA,02041,Male,24,Black or African American,Divorced,Yes,1992-10-02,198-185-5267,IT
18Y0OXZD35,Flossie,Palma,195 Daniel Plaza Suite 021 West Carolport DC 56656,(540)912-2655,Henderson,NV,45735,Male,19,Native Hawaiian or Other Pacific Islander,Married,Yes,1998-08-06,313-814-4225,Accout
194L3RG6GZ,Raleigh,Henke,675 Christina Dale Whitneyburgh NE 27886-5352,(831)855-9027,Franklin,IN,46131,Male,37,White,Divorced,Yes,1979-06-17,173-169-9227,Accout
19N9XZ6VE3,Robby,Large,4151 Victoria Burgs Apt 023 Jillfurt ME 90387,(330)457-1128,Erie,PA,16550,Female,31,Native Hawaiian or Other Pacific Islander,Single,Yes,1985-11-13,189-863-3993,IT
19U48371IL,Roxana,Mathias,25563 Kristina Village South Mary PW 97758,(557)583-4587,Henderson,NV,40370,Female,52,Asian,Single,Yes,1965-04-18,413-906-6276,Business
